{
  "accuracy": 0.901565995525727,
  "precision": 0.3213572854291417,
  "recall": 0.930635838150289,
  "f1": 0.47774480712166173,
  "roc_auc": 0.9604819956549728,
  "confusion_matrix": [
    [
      3063,
      340
    ],
    [
      12,
      161
    ]
  ],
  "cv_results": {
    "DecisionTree": {
      "mean": 0.3437319660026054,
      "std": 0.05328104900193242,
      "folds": [
        0.40816326530612246,
        0.3583535108958838,
        0.3070787637088734,
        0.38412291933418696,
        0.26094137076796037
      ]
    },
    "RandomForest": {
      "mean": 0.40762544924378846,
      "std": 0.01880081205517813,
      "folds": [
        0.43902439024390244,
        0.38159675236806495,
        0.4113263785394933,
        0.40804597701149425,
        0.39813374805598756
      ]
    },
    "LogisticRegression": {
      "mean": 0.46227372249972276,
      "std": 0.010974609049738912,
      "folds": [
        0.46814814814814815,
        0.4541607898448519,
        0.47283406754772395,
        0.47144948755490484,
        0.44477611940298506
      ]
    },
    "HybridEnsemble": {
      "mean": 0.4701810694161169,
      "std": 0.01165005991211816,
      "folds": [
        0.4694835680751174,
        0.44992743105950656,
        0.48615384615384616,
        0.4722222222222222,
        0.4731182795698925
      ]
    }
  },
  "class_distribution": {
    "real": 17014,
    "fake": 866
  },
  "explainability": {
    "rf_top_text_features": {
      "names": [
        "entry",
        "data entry",
        "oil gas",
        "needed",
        "area",
        "full",
        "passionate",
        "per",
        "open",
        "time",
        "school diploma",
        "growing",
        "oil",
        "way",
        "campaigns",
        "love",
        "fun",
        "brands",
        "secure",
        "world"
      ],
      "values": [
        0.03115773091214596,
        0.02679333187525168,
        0.024034661852409434,
        0.017541712558603356,
        0.01738920499891977,
        0.017278249307810002,
        0.014188348395651768,
        0.013951314530526369,
        0.013714090848428529,
        0.013581255010420101,
        0.013177527633634788,
        0.01317693332795096,
        0.012739730525441292,
        0.01166204849025476,
        0.010670051474515602,
        0.010586044995086672,
        0.010240052976535106,
        0.010226651190965018,
        0.010195386506813476,
        0.009664787020919269
      ]
    },
    "rf_struct_features": {
      "names": [
        "telecommuting",
        "has_company_logo",
        "has_questions",
        "has_company_profile",
        "has_requirements",
        "title_len",
        "desc_len",
        "employment_encoded"
      ],
      "values": [
        0.0,
        0.04581208240293204,
        0.010970116592414186,
        0.02843578769998853,
        0.0,
        0.0,
        0.0,
        0.0
      ]
    },
    "dt_top_features": {
      "names": [
        "aptitude",
        "growing",
        "positions",
        "gas industry",
        "systems",
        "staffing",
        "lift",
        "schedule",
        "false",
        "farmers"
      ],
      "values": [
        0.09362879881387054,
        0.051009343090155965,
        0.043745256084058395,
        0.023220900397049306,
        0.01603386411452641,
        0.013662973299194277,
        0.011561935034880124,
        0.011496250960537479,
        0.0,
        0.0
      ]
    }
  }
}